antibody,ensembl_ids,gene_names,atlas_name,locations,n_location
HPA048645,ENSG00000131043,AAR2,U-2 OS,Cytosol,1
HPA065685,"ENSG00000105583,ENSG00000269590","AC010422.5,WDR83OS",U-2 OS,"Endoplasmic reticulum,Nuclear membrane",2
HPA055647,ENSG00000021776,AQR,U-2 OS,Nucleoplasm,1
HPA050111,ENSG00000189114,BLOC1S3,U-2 OS,Golgi apparatus,1
HPA043840,ENSG00000186222,BLOC1S4,U-2 OS,Vesicles,1
HPA077525,ENSG00000188428,BLOC1S5,U-2 OS,Vesicles,1
HPA018852,ENSG00000182326,C1S,U-2 OS,"Cytosol,Nucleoplasm",2
HPA023708,"ENSG00000189376,ENSG00000259305","C8orf76,ZHX1-C8orf76",U-2 OS,Nucleoplasm,1
HPA048513,ENSG00000060339,CCAR1,U-2 OS,Nucleoplasm,1
HPA056814,ENSG00000160799,CCDC12,U-2 OS,Nucleoplasm,1
HPA051791,ENSG00000176714,CCDC121,U-2 OS,"Actin filaments,Cytosol",2
HPA041708,ENSG00000007080,CCDC124,U-2 OS,"Cytosol,Plasma membrane",2
HPA041878,ENSG00000183323,CCDC125,U-2 OS,Intermediate filaments,1
HPA010969,ENSG00000169193,CCDC126,U-2 OS,Golgi apparatus,1
HPA045052,ENSG00000164366,CCDC127,U-2 OS,"Nucleoli fibrillar center,Nucleoplasm",2
HPA022974,ENSG00000141519,CCDC40,U-2 OS,Microtubules,1
HPA019051,ENSG00000108091,CCDC6,U-2 OS,Cytosol,1
HPA061548,ENSG00000104983,CCDC61,U-2 OS,"Cytosol,Nucleoplasm",2
HPA039021,ENSG00000130783,CCDC62,U-2 OS,"Nucleoplasm,Plasma membrane",2
HPA061568,ENSG00000173093,CCDC63,U-2 OS,Nuclear bodies,1
HPA057573,ENSG00000139537,CCDC65,U-2 OS,Centriolar satellite,1
HPA044185,ENSG00000180376,CCDC66,U-2 OS,Midbody ring,1
HPA052896,ENSG00000198624,CCDC69,U-2 OS,"Actin filaments,Plasma membrane",2
HPA043572,ENSG00000142039,CCDC97,U-2 OS,Nucleoplasm,1
HPA046620,ENSG00000168438,CDC40,U-2 OS,Nucleoplasm,1
HPA011361,ENSG00000096401,CDC5L,U-2 OS,Nucleoplasm,1
HPA004742,ENSG00000132792,CTNNBL1,U-2 OS,Nucleoplasm,1
HPA036890,ENSG00000095485,CWF19L1,U-2 OS,"Golgi apparatus,Nucleoplasm",2
HPA038166,ENSG00000152404,CWF19L2,U-2 OS,"Cytosol,Nuclear speckles",2
HPA039037,ENSG00000174243,DDX23,U-2 OS,"Nucleoli,Nucleoplasm",2
HPA057501,ENSG00000145833,DDX46,U-2 OS,Nuclear speckles,1
HPA062700,ENSG00000101452,DHX35,U-2 OS,Nuclear bodies,1
HPA040914,ENSG00000104129,DNAJC17,U-2 OS,Nucleoplasm,1
HPA008706,ENSG00000074603,DPP8,U-2 OS,Cytosol,1
HPA006465,ENSG00000122882,ECD,U-2 OS,"Cytosol,Nucleoplasm",2
HPA001221,ENSG00000100056,ESS2,U-2 OS,Nucleoplasm,1
HPA039620,ENSG00000110074,FOXRED1,U-2 OS,Mitochondria,1
HPA057114,ENSG00000092208,GEMIN2,U-2 OS,"Nuclear bodies,Nucleoli,Nucleoplasm",3
HPA037393,ENSG00000082516,GEMIN5,U-2 OS,"Cytosol,Nuclear bodies",2
HPA052075,ENSG00000142252,GEMIN7,U-2 OS,"Cytosol,Nucleoplasm",2
HPA028613,ENSG00000046647,GEMIN8,U-2 OS,"Cytosol,Nucleoplasm",2
HPA023131,ENSG00000250571,GLI4,U-2 OS,Cytokinetic bridge,1
HPA059818,ENSG00000167220,HDHD2,U-2 OS,Vesicles,1
HPA040058,ENSG00000128915,ICE2,U-2 OS,"Nuclear bodies,Nucleoplasm",2
HPA073963,ENSG00000125877,ITPA,U-2 OS,Cytosol,1
HPA002997,ENSG00000149357,LAMTOR1,U-2 OS,"Golgi apparatus,Vesicles",2
HPA004126,ENSG00000116586,LAMTOR2,U-2 OS,"Nucleoplasm,Vesicles",2
HPA020998,ENSG00000188186,LAMTOR4,U-2 OS,Vesicles,1
HPA006812,ENSG00000134248,LAMTOR5,U-2 OS,Cytosol,1
HPA038400,ENSG00000148481,MINDY3,U-2 OS,"Nuclear membrane,Nucleoplasm",2
HPA047027,"ENSG00000122824,ENSG00000173598,ENSG00000177144,ENSG00000196368,ENSG00000270800,ENSG00000272325","NUDT10,NUDT11,NUDT3,NUDT4,NUDT4B,RPS10-NUDT3",U-2 OS,Cytosol,1
HPA068394,ENSG00000162073,PAQR4,U-2 OS,Vesicles,1
HPA076729,ENSG00000137819,PAQR5,U-2 OS,Vesicles,1
HPA046936,ENSG00000182749,PAQR7,U-2 OS,Cytosol,1
HPA064625,ENSG00000170915,PAQR8,U-2 OS,Plasma membrane,1
HPA005792,ENSG00000183036,PCP4,U-2 OS,"Nucleoli fibrillar center,Nucleoplasm",2
HPA052833,ENSG00000248485,PCP4L1,U-2 OS,"Mitochondria,Nucleoplasm",2
HPA049388,ENSG00000090470,PDCD7,U-2 OS,Plasma membrane,1
HPA070386,ENSG00000090857,PDPR,U-2 OS,Mitochondria,1
HPA035931,ENSG00000171566,PLRG1,U-2 OS,Nuclear speckles,1
HPA019357,ENSG00000084072,PPIE,U-2 OS,Nuclear speckles,1
HPA043837,ENSG00000149923,PPP4C,U-2 OS,"Cytosol,Nucleoplasm,Plasma membrane",3
HPA039837,ENSG00000163605,PPP4R2,U-2 OS,Nucleoplasm,1
HPA063917,ENSG00000100796,PPP4R3A,U-2 OS,Nucleoplasm,1
HPA001233,ENSG00000275052,PPP4R3B,U-2 OS,Nucleoplasm,1
HPA041866,ENSG00000119698,PPP4R4,U-2 OS,Cytosol,1
HPA019360,ENSG00000113593,PPWD1,U-2 OS,Nuclear bodies,1
HPA051146,ENSG00000128563,PRKRIP1,U-2 OS,"Actin filaments,Cytosol",2
CAB012448,ENSG00000110107,PRPF19,U-2 OS,Nuclear speckles,1
HPA067116,ENSG00000117360,PRPF3,U-2 OS,Nucleoplasm,1
HPA053099,ENSG00000134748,PRPF38A,U-2 OS,Nucleoplasm,1
HPA001176,ENSG00000185246,PRPF39,U-2 OS,Nucleoplasm,1
CAB009941,ENSG00000174231,PRPF8,U-2 OS,Nucleoplasm,1
HPA002834,ENSG00000095303,PTGS1,U-2 OS,"Golgi apparatus,Vesicles",2
HPA034972,ENSG00000182872,RBM10,U-2 OS,Nuclear speckles,1
HPA037478,ENSG00000134453,RBM17,U-2 OS,Nucleoplasm,1
HPA001634,ENSG00000086589,RBM22,U-2 OS,Nucleoplasm,1
HPA017335,ENSG00000003756,RBM5,U-2 OS,Nucleoplasm,1
HPA052434,ENSG00000185946,RNPC3,U-2 OS,Nucleoplasm,1
HPA048084,"ENSG00000124614,ENSG00000270800","RPS10,RPS10-NUDT3",U-2 OS,Cytosol,1
HPA003734,"ENSG00000083750,ENSG00000155876","RRAGA,RRAGB",U-2 OS,"Golgi apparatus,Vesicles",2
HPA055489,ENSG00000116954,RRAGC,U-2 OS,"Nucleoplasm,Vesicles",2
HPA031188,ENSG00000175467,SART1,U-2 OS,Nuclear speckles,1
HPA070409,ENSG00000109618,SEPSECS,U-2 OS,"Cytosol,Vesicles",2
HPA057999,ENSG00000170364,SETMAR,U-2 OS,Nucleoli,1
HPA050275,ENSG00000115524,SF3B1,U-2 OS,Nuclear speckles,1
HPA045028,ENSG00000087365,SF3B2,U-2 OS,Nuclear speckles,1
HPA064660,ENSG00000143368,SF3B4,U-2 OS,Nuclear speckles,1
HPA039362,ENSG00000061936,SFSWAP,U-2 OS,"Nucleoplasm,Plasma membrane",2
HPA076219,ENSG00000142669,SH3BGRL3,U-2 OS,Nuclear bodies,1
HPA006539,"ENSG00000059804,ENSG00000173262","SLC2A14,SLC2A3",U-2 OS,Plasma membrane,1
HPA061702,ENSG00000177058,SLC38A9,U-2 OS,Vesicles,1
HPA029321,ENSG00000144028,SNRNP200,U-2 OS,Nucleoplasm,1
HPA029234,ENSG00000168566,SNRNP48,U-2 OS,"Cytosol,Nucleoplasm",2
HPA045622,ENSG00000131876,SNRPA1,U-2 OS,Nuclear speckles,1
CAB009610,ENSG00000125835,SNRPB,U-2 OS,Nucleoplasm,1
HPA067842,"ENSG00000125835,ENSG00000128739","SNRPB,SNRPN",U-2 OS,Nucleoplasm,1
HPA050814,ENSG00000125870,SNRPB2,U-2 OS,Nuclear speckles,1
HPA050814,ENSG00000125870,SNRPB2,U-2 OS,Nuclear speckles,1
CAB009931,ENSG00000100603,SNW1,U-2 OS,Nucleoplasm,1
HPA070710,ENSG00000117614,SYF2,U-2 OS,Nuclear speckles,1
HPA029824,ENSG00000137574,TGS1,U-2 OS,Cytosol,1
HPA053385,ENSG00000006042,TMEM98,U-2 OS,Nucleoplasm,1
HPA053775,ENSG00000132773,TOE1,U-2 OS,Nucleoplasm,1
HPA050061,ENSG00000116525,TRIM62,U-2 OS,"Focal adhesion sites,Vesicles",2
HPA058763,ENSG00000184281,TSSC4,U-2 OS,Nucleoplasm,1
HPA038253,ENSG00000113638,TTC33,U-2 OS,Nucleoplasm,1
HPA037545,ENSG00000163714,U2SURP,U-2 OS,Nucleoplasm,1
HPA050094,ENSG00000139668,WDFY2,U-2 OS,Vesicles,1
HPA042838,ENSG00000123154,WDR83,U-2 OS,Vesicles,1
HPA048751,ENSG00000076924,XAB2,U-2 OS,"Nucleoplasm,Vesicles",2
HPA055675,ENSG00000105248,YJU2,U-2 OS,Nucleoplasm,1
HPA050311,ENSG00000204186,ZDBF2,U-2 OS,Nucleoplasm,1
HPA055357,ENSG00000165156,ZHX1,U-2 OS,Nucleoplasm,1
HPA027211,ENSG00000198783,ZNF830,U-2 OS,Nucleoplasm,1
