filename,if_plate_id,position,sample,status,locations,antibody,ensembl_ids,gene_names
/archive/10/10_G1_1_,10,G1,1,35,Plasma membrane,HPA006539,"ENSG00000059804,ENSG00000173262","SLC2A14,SLC2A3"
/archive/10/10_G1_2_,10,G1,2,35,Plasma membrane,HPA006539,"ENSG00000059804,ENSG00000173262","SLC2A14,SLC2A3"
/archive/13/13_E1_1_,13,E1,1,35,Nucleoplasm,HPA001221,ENSG00000100056,ESS2
/archive/13/13_E1_2_,13,E1,2,35,Nucleoplasm,HPA001221,ENSG00000100056,ESS2
/archive/17/17_B11_1_,17,B11,1,35,Cytosol,HPA006812,ENSG00000134248,LAMTOR5
/archive/17/17_B11_2_,17,B11,2,35,Cytosol,HPA006812,ENSG00000134248,LAMTOR5
/archive/20/20_B5_1_,20,B5,1,35,"Golgi apparatus,Nucleoplasm",HPA007856,ENSG00000060339,CCAR1
/archive/20/20_B5_2_,20,B5,2,35,"Golgi apparatus,Nucleoplasm",HPA007856,ENSG00000060339,CCAR1
/archive/29/29_D4_1_,29,D4,1,35,"Golgi apparatus,Vesicles",HPA002834,ENSG00000095303,PTGS1
/archive/29/29_D4_2_,29,D4,2,35,"Golgi apparatus,Vesicles",HPA002834,ENSG00000095303,PTGS1
/archive/35/35_A5_1_,35,A5,1,35,Nucleoplasm,HPA001634,ENSG00000086589,RBM22
/archive/35/35_A5_2_,35,A5,2,35,Nucleoplasm,HPA001634,ENSG00000086589,RBM22
/archive/38/38_E3_1_,38,E3,1,35,Nucleoplasm,HPA001176,ENSG00000185246,PRPF39
/archive/38/38_E3_2_,38,E3,2,35,Nucleoplasm,HPA001176,ENSG00000185246,PRPF39
/archive/47/47_A2_1_,47,A2,1,35,Cytosol,HPA008706,ENSG00000074603,DPP8
/archive/47/47_A2_2_,47,A2,2,35,Cytosol,HPA008706,ENSG00000074603,DPP8
/archive/53/53_E10_1_,53,E10,1,35,Nucleoplasm,HPA001233,ENSG00000275052,PPP4R3B
/archive/53/53_E10_2_,53,E10,2,35,Nucleoplasm,HPA001233,ENSG00000275052,PPP4R3B
/archive/56/56_A8_1_,56,A8,1,35,"Golgi apparatus,Vesicles",HPA003734,"ENSG00000083750,ENSG00000155876","RRAGA,RRAGB"
/archive/56/56_A8_2_,56,A8,2,35,"Golgi apparatus,Vesicles",HPA003734,"ENSG00000083750,ENSG00000155876","RRAGA,RRAGB"
/archive/73/73_B3_1_,73,B3,1,35,"Nucleoplasm,Vesicles",HPA004126,ENSG00000116586,LAMTOR2
/archive/73/73_B3_2_,73,B3,2,35,"Nucleoplasm,Vesicles",HPA004126,ENSG00000116586,LAMTOR2
/archive/76/76_G4_1_,76,G4,1,35,"Golgi apparatus,Vesicles",HPA002997,ENSG00000149357,LAMTOR1
/archive/76/76_G4_2_,76,G4,2,35,"Golgi apparatus,Vesicles",HPA002997,ENSG00000149357,LAMTOR1
/archive/90/90_H5_1_,90,H5,1,35,Nucleoplasm,HPA011361,ENSG00000096401,CDC5L
/archive/90/90_H5_2_,90,H5,2,35,Nucleoplasm,HPA011361,ENSG00000096401,CDC5L
/archive/91/91_A11_1_,91,A11,1,35,Nucleoplasm,HPA004742,ENSG00000132792,CTNNBL1
/archive/91/91_A11_2_,91,A11,2,35,Nucleoplasm,HPA004742,ENSG00000132792,CTNNBL1
/archive/111/111_C4_1_,111,C4,1,35,"Cytosol,Nucleoplasm",HPA006465,ENSG00000122882,ECD
/archive/111/111_C4_2_,111,C4,2,35,"Cytosol,Nucleoplasm",HPA006465,ENSG00000122882,ECD
/archive/139/139_F12_1_,139,F12,1,35,Nucleoplasm,HPA017335,ENSG00000003756,RBM5
/archive/139/139_F12_2_,139,F12,2,35,Nucleoplasm,HPA017335,ENSG00000003756,RBM5
/archive/145/145_F5_1_,145,F5,1,35,Nucleoplasm,HPA018011,ENSG00000003756,RBM5
/archive/145/145_F5_2_,145,F5,2,35,Nucleoplasm,HPA018011,ENSG00000003756,RBM5
/archive/151/151_A11_1_,151,A11,1,35,"Cytosol,Nucleoplasm",HPA018852,ENSG00000182326,C1S
/archive/151/151_A11_2_,151,A11,2,35,"Cytosol,Nucleoplasm",HPA018852,ENSG00000182326,C1S
/archive/185/185_C1_1_,185,C1,1,35,Nuclear bodies,HPA019360,ENSG00000113593,PPWD1
/archive/185/185_C1_2_,185,C1,2,35,Nuclear bodies,HPA019360,ENSG00000113593,PPWD1
/archive/185/185_G1_1_,185,G1,1,35,Cytosol,HPA019051,ENSG00000108091,CCDC6
/archive/185/185_G1_2_,185,G1,2,35,Cytosol,HPA019051,ENSG00000108091,CCDC6
/archive/197/197_E10_1_,197,E10,1,35,"Cytosol,Nucleoplasm",HPA024754,ENSG00000198783,ZNF830
/archive/197/197_E10_2_,197,E10,2,35,"Cytosol,Nucleoplasm",HPA024754,ENSG00000198783,ZNF830
/archive/214/214_A12_1_,214,A12,1,35,Nucleoplasm,HPA027211,ENSG00000198783,ZNF830
/archive/214/214_A12_2_,214,A12,2,35,Nucleoplasm,HPA027211,ENSG00000198783,ZNF830
/archive/232/232_G5_1_,232,G5,1,35,"Cytosol,Nucleoplasm",HPA027226,ENSG00000117360,PRPF3
/archive/232/232_G5_2_,232,G5,2,35,"Cytosol,Nucleoplasm",HPA027226,ENSG00000117360,PRPF3
/archive/248/248_F10_1_,248,F10,1,35,Microtubules,HPA022974,ENSG00000141519,CCDC40
/archive/248/248_F10_2_,248,F10,2,35,Microtubules,HPA022974,ENSG00000141519,CCDC40
/archive/268/268_D12_1_,268,D12,1,35,Nucleoplasm,HPA023708,"ENSG00000189376,ENSG00000259305","C8orf76,ZHX1-C8orf76"
/archive/268/268_D12_2_,268,D12,2,35,Nucleoplasm,HPA023708,"ENSG00000189376,ENSG00000259305","C8orf76,ZHX1-C8orf76"
/archive/272/272_F6_1_,272,F6,1,35,"Cytosol,Nucleoplasm",HPA029234,ENSG00000168566,SNRNP48
/archive/272/272_F6_2_,272,F6,2,35,"Cytosol,Nucleoplasm",HPA029234,ENSG00000168566,SNRNP48
/archive/280/280_G3_1_,280,G3,1,35,Vesicles,HPA020998,ENSG00000188186,LAMTOR4
/archive/280/280_G3_2_,280,G3,2,35,Vesicles,HPA020998,ENSG00000188186,LAMTOR4
/archive/320/320_F1_1_,320,F1,1,35,Nucleoplasm,HPA029321,ENSG00000144028,SNRNP200
/archive/320/320_F1_2_,320,F1,2,35,Nucleoplasm,HPA029321,ENSG00000144028,SNRNP200
/archive/332/332_B12_1_,332,B12,1,35,Nuclear speckles,HPA031188,ENSG00000175467,SART1
/archive/332/332_B12_3_,332,B12,3,35,Nuclear speckles,HPA031188,ENSG00000175467,SART1
/archive/371/371_A2_1_,371,A2,1,35,Nuclear speckles,HPA034972,ENSG00000182872,RBM10
/archive/402/402_A7_1_,402,A7,1,35,"Golgi apparatus,Nuclear speckles",HPA031190,ENSG00000175467,SART1
/archive/402/402_A7_2_,402,A7,2,35,"Golgi apparatus,Nuclear speckles",HPA031190,ENSG00000175467,SART1
/archive/402/402_H7_1_,402,H7,1,35,"Golgi apparatus,Nuclear speckles",HPA031189,ENSG00000175467,SART1
/archive/402/402_H7_2_,402,H7,2,35,"Golgi apparatus,Nuclear speckles",HPA031189,ENSG00000175467,SART1
/archive/403/403_B2_1_,403,B2,1,35,"Cytosol,Nuclear speckles",HPA038166,ENSG00000152404,CWF19L2
/archive/403/403_B2_2_,403,B2,2,35,"Cytosol,Nuclear speckles",HPA038166,ENSG00000152404,CWF19L2
/archive/403/403_C4_1_,403,C4,1,35,"Golgi apparatus,Nucleoplasm",HPA036890,ENSG00000095485,CWF19L1
/archive/403/403_C4_3_,403,C4,3,35,"Golgi apparatus,Nucleoplasm",HPA036890,ENSG00000095485,CWF19L1
/archive/412/412_D8_1_,412,D8,1,35,"Cytosol,Nuclear bodies",HPA037393,ENSG00000082516,GEMIN5
/archive/412/412_D8_2_,412,D8,2,35,"Cytosol,Nuclear bodies",HPA037393,ENSG00000082516,GEMIN5
/archive/412/412_F11_3_,412,F11,3,35,"Nuclear bodies,Nucleoplasm",HPA040058,ENSG00000128915,ICE2
/archive/412/412_F11_4_,412,F11,4,35,"Nuclear bodies,Nucleoplasm",HPA040058,ENSG00000128915,ICE2
/archive/418/418_H8_1_,418,H8,1,35,"Nucleoplasm,Plasma membrane",HPA039362,ENSG00000061936,SFSWAP
/archive/418/418_H8_2_,418,H8,2,35,"Nucleoplasm,Plasma membrane",HPA039362,ENSG00000061936,SFSWAP
/archive/432/432_H3_1_,432,H3,1,35,Nucleoplasm,HPA037545,ENSG00000163714,U2SURP
/archive/432/432_H3_2_,432,H3,2,35,Nucleoplasm,HPA037545,ENSG00000163714,U2SURP
/archive/433/433_C6_2_,433,C6,2,35,"Nuclear speckles,Nucleoli fibrillar center",HPA036554,ENSG00000145833,DDX46
/archive/433/433_C6_3_,433,C6,3,35,"Nuclear speckles,Nucleoli fibrillar center",HPA036554,ENSG00000145833,DDX46
/archive/443/443_B10_1_,443,B10,1,35,"Golgi apparatus,Micronucleus,Nucleoplasm,Vesicles",HPA038252,ENSG00000113638,TTC33
/archive/443/443_B10_2_,443,B10,2,35,"Golgi apparatus,Micronucleus,Nucleoplasm,Vesicles",HPA038252,ENSG00000113638,TTC33
/archive/443/443_C7_1_,443,C7,1,35,"Nuclear membrane,Nucleoplasm",HPA038400,ENSG00000148481,MINDY3
/archive/443/443_C7_2_,443,C7,2,35,"Nuclear membrane,Nucleoplasm",HPA038400,ENSG00000148481,MINDY3
/archive/448/448_E6_1_,448,E6,1,35,"Nucleoplasm,Plasma membrane",HPA039021,ENSG00000130783,CCDC62
/archive/448/448_E6_2_,448,E6,2,35,"Nucleoplasm,Plasma membrane",HPA039021,ENSG00000130783,CCDC62
/archive/479/479_G6_1_,479,G6,1,35,Nucleoplasm,HPA040914,ENSG00000104129,DNAJC17
/archive/479/479_G6_2_,479,G6,2,35,Nucleoplasm,HPA040914,ENSG00000104129,DNAJC17
/archive/480/480_E5_1_,480,E5,1,35,Vesicles,HPA042838,ENSG00000123154,WDR83
/archive/480/480_E5_2_,480,E5,2,35,Vesicles,HPA042838,ENSG00000123154,WDR83
/archive/492/492_B7_1_,492,B7,1,35,Cytosol,HPA041866,ENSG00000119698,PPP4R4
/archive/492/492_B7_2_,492,B7,2,35,Cytosol,HPA041866,ENSG00000119698,PPP4R4
/archive/492/492_E8_3_,492,E8,3,35,Intermediate filaments,HPA041878,ENSG00000183323,CCDC125
/archive/492/492_E8_4_,492,E8,4,35,Intermediate filaments,HPA041878,ENSG00000183323,CCDC125
/archive/493/493_H1_1_,493,H1,1,35,"Cytosol,Plasma membrane",HPA041708,ENSG00000007080,CCDC124
/archive/493/493_H1_2_,493,H1,2,35,"Cytosol,Plasma membrane",HPA041708,ENSG00000007080,CCDC124
/archive/516/516_F8_1_,516,F8,1,35,Midbody ring,HPA044185,ENSG00000180376,CCDC66
/archive/516/516_F8_2_,516,F8,2,35,Midbody ring,HPA044185,ENSG00000180376,CCDC66
/archive/529/529_E11_3_,529,E11,3,35,Vesicles,HPA043840,ENSG00000186222,BLOC1S4
/archive/529/529_E11_4_,529,E11,4,35,Vesicles,HPA043840,ENSG00000186222,BLOC1S4
/archive/530/530_B10_1_,530,B10,1,35,"Cytosol,Nucleoplasm,Plasma membrane",HPA043320,ENSG00000142039,CCDC97
/archive/530/530_B10_2_,530,B10,2,35,"Cytosol,Nucleoplasm,Plasma membrane",HPA043320,ENSG00000142039,CCDC97
/archive/534/534_D2_1_,534,D2,1,35,"Cytosol,Nucleoplasm",HPA040063,ENSG00000061936,SFSWAP
/archive/534/534_D2_2_,534,D2,2,35,"Cytosol,Nucleoplasm",HPA040063,ENSG00000061936,SFSWAP
/archive/537/537_E6_2_,537,E6,2,35,Nucleoplasm,HPA037478,ENSG00000134453,RBM17
/archive/537/537_E6_4_,537,E6,4,35,Nucleoplasm,HPA037478,ENSG00000134453,RBM17
/archive/564/564_G9_1_,564,G9,1,35,"Cytosol,Nucleoplasm",HPA028613,ENSG00000046647,GEMIN8
/archive/564/564_G9_2_,564,G9,2,35,"Cytosol,Nucleoplasm",HPA028613,ENSG00000046647,GEMIN8
/archive/565/565_F1_1_,565,F1,1,35,Nuclear speckles,HPA045622,ENSG00000131876,SNRPA1
/archive/565/565_F1_2_,565,F1,2,35,Nuclear speckles,HPA045622,ENSG00000131876,SNRPA1
/archive/566/566_E1_1_,566,E1,1,35,Nuclear speckles,HPA045028,ENSG00000087365,SF3B2
/archive/566/566_E1_2_,566,E1,2,35,Nuclear speckles,HPA045028,ENSG00000087365,SF3B2
/archive/573/573_B7_3_,573,B7,3,35,Cytosol,HPA047027,"ENSG00000122824,ENSG00000173598,ENSG00000177144,ENSG00000196368,ENSG00000270800,ENSG00000272325","NUDT10,NUDT11,NUDT3,NUDT4,NUDT4B,RPS10-NUDT3"
/archive/573/573_B7_4_,573,B7,4,35,Cytosol,HPA047027,"ENSG00000122824,ENSG00000173598,ENSG00000177144,ENSG00000196368,ENSG00000270800,ENSG00000272325","NUDT10,NUDT11,NUDT3,NUDT4,NUDT4B,RPS10-NUDT3"
/archive/573/573_H11_4_,573,H11,4,35,Cytosol,HPA046936,ENSG00000182749,PAQR7
/archive/573/573_H11_5_,573,H11,5,35,Cytosol,HPA046936,ENSG00000182749,PAQR7
/archive/574/574_B10_2_,574,B10,2,35,Vesicles,HPA042629,ENSG00000123154,WDR83
/archive/574/574_B10_4_,574,B10,4,35,Vesicles,HPA042629,ENSG00000123154,WDR83
/archive/575/575_C7_1_,575,C7,1,35,"Nucleoli fibrillar center,Nucleoplasm",HPA045052,ENSG00000164366,CCDC127
/archive/575/575_C7_2_,575,C7,2,35,"Nucleoli fibrillar center,Nucleoplasm",HPA045052,ENSG00000164366,CCDC127
/archive/581/581_E7_1_,581,E7,1,35,"Cytosol,Nucleoplasm",HPA039121,ENSG00000204186,ZDBF2
/archive/581/581_E7_2_,581,E7,2,35,"Cytosol,Nucleoplasm",HPA039121,ENSG00000204186,ZDBF2
/archive/581/581_F4_1_,581,F4,1,35,Nucleoplasm,HPA038253,ENSG00000113638,TTC33
/archive/581/581_F4_2_,581,F4,2,35,Nucleoplasm,HPA038253,ENSG00000113638,TTC33
/archive/596/596_G3_1_,596,G3,1,35,Nuclear speckles,HPA035931,ENSG00000171566,PLRG1
/archive/596/596_G3_2_,596,G3,2,35,Nuclear speckles,HPA035931,ENSG00000171566,PLRG1
/archive/620/620_G12_1_,620,G12,1,35,Nucleoplasm,HPA039837,ENSG00000163605,PPP4R2
/archive/620/620_G12_2_,620,G12,2,35,Nucleoplasm,HPA039837,ENSG00000163605,PPP4R2
/archive/637/637_C5_1_,637,C5,1,35,Nuclear speckles,CAB012448,ENSG00000110107,PRPF19
/archive/637/637_C5_2_,637,C5,2,35,Nuclear speckles,CAB012448,ENSG00000110107,PRPF19
/archive/711/711_D10_1_,711,D10,1,35,Cytosol,HPA048084,"ENSG00000124614,ENSG00000270800","RPS10,RPS10-NUDT3"
/archive/711/711_D10_2_,711,D10,2,35,Cytosol,HPA048084,"ENSG00000124614,ENSG00000270800","RPS10,RPS10-NUDT3"
/archive/712/712_A11_1_,712,A11,1,35,Nuclear speckles,HPA050814,ENSG00000125870,SNRPB2
/archive/712/712_A11_1_,712,A11,1,35,Nuclear speckles,HPA050814,ENSG00000125870,SNRPB2
/archive/712/712_A11_2_,712,A11,2,35,Nuclear speckles,HPA050814,ENSG00000125870,SNRPB2
/archive/712/712_A11_2_,712,A11,2,35,Nuclear speckles,HPA050814,ENSG00000125870,SNRPB2
/archive/712/712_H11_1_,712,H11,1,35,"Actin filaments,Cytosol",HPA051146,ENSG00000128563,PRKRIP1
/archive/712/712_H11_2_,712,H11,2,35,"Actin filaments,Cytosol",HPA051146,ENSG00000128563,PRKRIP1
/archive/719/719_C6_1_,719,C6,1,35,"Nuclear bodies,Nucleoplasm",HPA048499,ENSG00000131876,SNRPA1
/archive/719/719_C6_2_,719,C6,2,35,"Nuclear bodies,Nucleoplasm",HPA048499,ENSG00000131876,SNRPA1
/archive/727/727_G9_1_,727,G9,1,35,Cytosol,HPA048645,ENSG00000131043,AAR2
/archive/727/727_G9_2_,727,G9,2,35,Cytosol,HPA048645,ENSG00000131043,AAR2
/archive/738/738_B6_1_,738,B6,1,35,"Cytosol,Nucleoplasm,Plasma membrane",HPA043837,ENSG00000149923,PPP4C
/archive/738/738_B6_2_,738,B6,2,35,"Cytosol,Nucleoplasm,Plasma membrane",HPA043837,ENSG00000149923,PPP4C
/archive/739/739_C7_3_,739,C7,3,35,Vesicles,HPA050094,ENSG00000139668,WDFY2
/archive/739/739_C7_4_,739,C7,4,35,Vesicles,HPA050094,ENSG00000139668,WDFY2
/archive/740/740_F9_1_,740,F9,1,35,Nuclear speckles,HPA050275,ENSG00000115524,SF3B1
/archive/740/740_F9_3_,740,F9,3,35,Nuclear speckles,HPA050275,ENSG00000115524,SF3B1
/archive/758/758_E7_1_,758,E7,1,35,Nucleoplasm,HPA043572,ENSG00000142039,CCDC97
/archive/758/758_E7_2_,758,E7,2,35,Nucleoplasm,HPA043572,ENSG00000142039,CCDC97
/archive/777/777_H2_3_,777,H2,3,35,Cytosol,HPA029824,ENSG00000137574,TGS1
/archive/777/777_H2_6_,777,H2,6,35,Cytosol,HPA029824,ENSG00000137574,TGS1
/archive/779/779_H5_3_,779,H5,3,35,"Cytosol,Nucleoplasm",HPA052075,ENSG00000142252,GEMIN7
/archive/779/779_H5_4_,779,H5,4,35,"Cytosol,Nucleoplasm",HPA052075,ENSG00000142252,GEMIN7
/archive/783/783_D2_1_,783,D2,1,35,Nucleoplasm,HPA052434,ENSG00000185946,RNPC3
/archive/783/783_D2_2_,783,D2,2,35,Nucleoplasm,HPA052434,ENSG00000185946,RNPC3
/archive/794/794_G7_1_,794,G7,1,35,Nucleoplasm,HPA048513,ENSG00000060339,CCAR1
/archive/794/794_G7_2_,794,G7,2,35,Nucleoplasm,HPA048513,ENSG00000060339,CCAR1
/archive/802/802_C4_1_,802,C4,1,35,Nucleoplasm,HPA053099,ENSG00000134748,PRPF38A
/archive/802/802_C4_4_,802,C4,4,35,Nucleoplasm,HPA053099,ENSG00000134748,PRPF38A
/archive/808/808_D2_1_,808,D2,1,35,"Actin filaments,Plasma membrane",HPA052896,ENSG00000198624,CCDC69
/archive/808/808_D2_2_,808,D2,2,35,"Actin filaments,Plasma membrane",HPA052896,ENSG00000198624,CCDC69
/archive/810/810_G7_1_,810,G7,1,35,Nucleoplasm,HPA053385,ENSG00000006042,TMEM98
/archive/810/810_G7_5_,810,G7,5,35,Nucleoplasm,HPA053385,ENSG00000006042,TMEM98
/archive/830/830_G1_1_,830,G1,1,35,"Cytosol,Plasma membrane",HPA046765,ENSG00000007080,CCDC124
/archive/830/830_G1_2_,830,G1,2,35,"Cytosol,Plasma membrane",HPA046765,ENSG00000007080,CCDC124
/archive/860/860_A10_4_,860,A10,4,35,Plasma membrane,HPA049388,ENSG00000090470,PDCD7
/archive/860/860_A10_8_,860,A10,8,35,Plasma membrane,HPA049388,ENSG00000090470,PDCD7
/archive/873/873_C4_1_,873,C4,1,35,Nucleoplasm,HPA055647,ENSG00000021776,AQR
/archive/873/873_C4_3_,873,C4,3,35,Nucleoplasm,HPA055647,ENSG00000021776,AQR
/archive/875/875_B5_2_,875,B5,2,35,"Nucleoplasm,Vesicles",HPA055489,ENSG00000116954,RRAGC
/archive/875/875_B5_4_,875,B5,4,35,"Nucleoplasm,Vesicles",HPA055489,ENSG00000116954,RRAGC
/archive/875/875_F7_2_,875,F7,2,35,Nucleoplasm,HPA055357,ENSG00000165156,ZHX1
/archive/875/875_F7_3_,875,F7,3,35,Nucleoplasm,HPA055357,ENSG00000165156,ZHX1
/archive/894/894_F11_1_,894,F11,1,35,Nucleoplasm,HPA055675,ENSG00000105248,YJU2
/archive/894/894_F11_2_,894,F11,2,35,Nucleoplasm,HPA055675,ENSG00000105248,YJU2
/archive/931/931_E6_1_,931,E6,1,35,Nucleoplasm,CAB009610,ENSG00000125835,SNRPB
/archive/931/931_E6_2_,931,E6,2,35,Nucleoplasm,CAB009610,ENSG00000125835,SNRPB
/archive/931/931_F8_3_,931,F8,3,35,Nucleoplasm,CAB009931,ENSG00000100603,SNW1
/archive/931/931_F8_4_,931,F8,4,35,Nucleoplasm,CAB009931,ENSG00000100603,SNW1
/archive/931/931_G8_3_,931,G8,3,35,Nucleoplasm,CAB009941,ENSG00000174231,PRPF8
/archive/931/931_G8_4_,931,G8,4,35,Nucleoplasm,CAB009941,ENSG00000174231,PRPF8
/archive/943/943_H11_5_,943,H11,5,35,Nucleoplasm,CAB015457,ENSG00000174231,PRPF8
/archive/943/943_H11_6_,943,H11,6,35,Nucleoplasm,CAB015457,ENSG00000174231,PRPF8
/archive/968/968_F9_1_,968,F9,1,35,"Nuclear bodies,Nucleoli,Nucleoplasm",HPA057114,ENSG00000092208,GEMIN2
/archive/968/968_F9_2_,968,F9,2,35,"Nuclear bodies,Nucleoli,Nucleoplasm",HPA057114,ENSG00000092208,GEMIN2
/archive/970/970_D9_1_,970,D9,1,35,Nucleoplasm,HPA056814,ENSG00000160799,CCDC12
/archive/970/970_D9_2_,970,D9,2,35,Nucleoplasm,HPA056814,ENSG00000160799,CCDC12
/archive/980/980_B10_1_,980,B10,1,35,Nuclear speckles,HPA057501,ENSG00000145833,DDX46
/archive/980/980_B10_2_,980,B10,2,35,Nuclear speckles,HPA057501,ENSG00000145833,DDX46
/archive/980/980_D6_1_,980,D6,1,35,Nuclear speckles,HPA057372,ENSG00000182872,RBM10
/archive/980/980_D6_2_,980,D6,2,35,Nuclear speckles,HPA057372,ENSG00000182872,RBM10
/archive/981/981_B8_1_,981,B8,1,35,Nucleoplasm,HPA053775,ENSG00000132773,TOE1
/archive/981/981_B8_4_,981,B8,4,35,Nucleoplasm,HPA053775,ENSG00000132773,TOE1
/archive/995/995_D9_1_,995,D9,1,35,Nucleoplasm,HPA058763,ENSG00000184281,TSSC4
/archive/995/995_D9_2_,995,D9,2,35,Nucleoplasm,HPA058763,ENSG00000184281,TSSC4
/archive/1003/1003_B4_1_,1003,B4,1,35,Nucleoplasm,HPA046620,ENSG00000168438,CDC40
/archive/1003/1003_B4_2_,1003,B4,2,35,Nucleoplasm,HPA046620,ENSG00000168438,CDC40
/archive/1006/1006_C11_1_,1006,C11,1,35,Vesicles,HPA059818,ENSG00000167220,HDHD2
/archive/1006/1006_C11_3_,1006,C11,3,35,Vesicles,HPA059818,ENSG00000167220,HDHD2
/archive/1016/1016_C4_1_,1016,C4,1,35,"Mitochondria,Nucleoplasm",HPA052833,ENSG00000248485,PCP4L1
/archive/1016/1016_C4_2_,1016,C4,2,35,"Mitochondria,Nucleoplasm",HPA052833,ENSG00000248485,PCP4L1
/archive/1038/1038_D9_1_,1038,D9,1,35,Nucleoplasm,HPA050311,ENSG00000204186,ZDBF2
/archive/1038/1038_D9_2_,1038,D9,2,35,Nucleoplasm,HPA050311,ENSG00000204186,ZDBF2
/archive/1055/1055_D2_2_,1055,D2,2,35,"Focal adhesion sites,Vesicles",HPA050061,ENSG00000116525,TRIM62
/archive/1055/1055_D2_4_,1055,D2,4,35,"Focal adhesion sites,Vesicles",HPA050061,ENSG00000116525,TRIM62
/archive/1076/1076_D10_2_,1076,D10,2,35,Nucleoli,HPA057999,ENSG00000170364,SETMAR
/archive/1076/1076_D10_3_,1076,D10,3,35,Nucleoli,HPA057999,ENSG00000170364,SETMAR
/archive/1101/1101_A3_1_,1101,A3,1,35,Mitochondria,HPA039620,ENSG00000110074,FOXRED1
/archive/1101/1101_A3_2_,1101,A3,2,35,Mitochondria,HPA039620,ENSG00000110074,FOXRED1
/archive/1101/1101_E4_2_,1101,E4,2,35,"Cytosol,Nucleoplasm",HPA027906,ENSG00000132792,CTNNBL1
/archive/1101/1101_E4_4_,1101,E4,4,35,"Cytosol,Nucleoplasm",HPA027906,ENSG00000132792,CTNNBL1
/archive/1102/1102_D5_4_,1102,D5,4,35,"Micronucleus,Nuclear membrane,Nucleoplasm",HPA061486,ENSG00000171566,PLRG1
/archive/1102/1102_D5_7_,1102,D5,7,30,"Micronucleus,Nuclear membrane,Nucleoplasm",HPA061486,ENSG00000171566,PLRG1
/archive/1103/1103_B2_1_,1103,B2,1,35,Nucleoplasm,HPA060530,ENSG00000160799,CCDC12
/archive/1103/1103_B2_2_,1103,B2,2,35,Nucleoplasm,HPA060530,ENSG00000160799,CCDC12
/archive/1105/1105_H2_1_,1105,H2,1,35,"Nucleoli,Nucleoplasm",HPA039037,ENSG00000174243,DDX23
/archive/1105/1105_H2_2_,1105,H2,2,35,"Nucleoli,Nucleoplasm",HPA039037,ENSG00000174243,DDX23
/archive/1130/1130_E2_1_,1130,E2,1,35,"Actin filaments,Cytosol",HPA051791,ENSG00000176714,CCDC121
/archive/1130/1130_E2_2_,1130,E2,2,35,"Actin filaments,Cytosol",HPA051791,ENSG00000176714,CCDC121
/archive/1130/1130_H9_1_,1130,H9,1,35,Vesicles,HPA061702,ENSG00000177058,SLC38A9
/archive/1130/1130_H9_2_,1130,H9,2,35,Vesicles,HPA061702,ENSG00000177058,SLC38A9
/archive/1132/1132_A3_1_,1132,A3,1,35,Cytokinetic bridge,HPA023131,ENSG00000250571,GLI4
/archive/1132/1132_A3_3_,1132,A3,3,35,Cytokinetic bridge,HPA023131,ENSG00000250571,GLI4
/archive/1141/1141_E7_1_,1141,E7,1,35,Nuclear bodies,HPA062700,ENSG00000101452,DHX35
/archive/1141/1141_E7_2_,1141,E7,2,35,Nuclear bodies,HPA062700,ENSG00000101452,DHX35
/archive/1199/1199_F9_1_,1199,F9,1,35,Nucleoplasm,HPA063917,ENSG00000100796,PPP4R3A
/archive/1199/1199_F9_2_,1199,F9,2,35,Nucleoplasm,HPA063917,ENSG00000100796,PPP4R3A
/archive/1209/1209_B1_1_,1209,B1,1,35,Nuclear speckles,HPA064660,ENSG00000143368,SF3B4
/archive/1209/1209_B1_2_,1209,B1,2,35,Nuclear speckles,HPA064660,ENSG00000143368,SF3B4
/archive/1211/1211_B11_1_,1211,B11,1,35,Nucleoplasm,HPA067116,ENSG00000117360,PRPF3
/archive/1211/1211_B11_2_,1211,B11,2,35,Nucleoplasm,HPA067116,ENSG00000117360,PRPF3
/archive/1234/1234_C9_2_,1234,C9,2,35,"Endoplasmic reticulum,Nuclear membrane",HPA065685,"ENSG00000105583,ENSG00000269590","AC010422.5,WDR83OS"
/archive/1234/1234_C9_5_,1234,C9,5,35,"Endoplasmic reticulum,Nuclear membrane",HPA065685,"ENSG00000105583,ENSG00000269590","AC010422.5,WDR83OS"
/archive/1250/1250_B3_2_,1250,B3,2,35,Nucleoplasm,HPA067842,"ENSG00000125835,ENSG00000128739","SNRPB,SNRPN"
/archive/1250/1250_B3_3_,1250,B3,3,35,Nucleoplasm,HPA067842,"ENSG00000125835,ENSG00000128739","SNRPB,SNRPN"
/archive/1257/1257_C10_3_,1257,C10,3,35,"Cytosol,Nucleoplasm",HPA061548,ENSG00000104983,CCDC61
/archive/1257/1257_C10_4_,1257,C10,4,35,"Cytosol,Nucleoplasm",HPA061548,ENSG00000104983,CCDC61
/archive/1264/1264_A12_1_,1264,A12,1,35,Plasma membrane,HPA064625,ENSG00000170915,PAQR8
/archive/1264/1264_A12_3_,1264,A12,3,35,Plasma membrane,HPA064625,ENSG00000170915,PAQR8
/archive/1351/1351_E6_2_,1351,E6,2,35,Mitochondria,HPA070386,ENSG00000090857,PDPR
/archive/1351/1351_E6_4_,1351,E6,4,35,Mitochondria,HPA070386,ENSG00000090857,PDPR
/archive/1352/1352_E10_1_,1352,E10,1,35,Vesicles,HPA068394,ENSG00000162073,PAQR4
/archive/1352/1352_E10_2_,1352,E10,2,35,Vesicles,HPA068394,ENSG00000162073,PAQR4
/archive/1367/1367_G9_1_,1367,G9,1,35,Nuclear speckles,HPA070710,ENSG00000117614,SYF2
/archive/1367/1367_G9_2_,1367,G9,2,35,Nuclear speckles,HPA070710,ENSG00000117614,SYF2
/archive/1436/1436_F10_2_,1436,F10,2,35,"Cytosol,Vesicles",HPA070409,ENSG00000109618,SEPSECS
/archive/1436/1436_F10_4_,1436,F10,4,35,"Cytosol,Vesicles",HPA070409,ENSG00000109618,SEPSECS
/archive/1445/1445_F11_2_,1445,F11,2,35,Golgi apparatus,HPA050111,ENSG00000189114,BLOC1S3
/archive/1445/1445_F11_3_,1445,F11,3,35,Golgi apparatus,HPA050111,ENSG00000189114,BLOC1S3
/archive/1457/1457_F9_2_,1457,F9,2,35,Nuclear bodies,HPA061568,ENSG00000173093,CCDC63
/archive/1457/1457_F9_3_,1457,F9,3,35,Nuclear bodies,HPA061568,ENSG00000173093,CCDC63
/archive/1468/1468_A10_4_,1468,A10,4,35,Nucleoplasm,HPA040624,ENSG00000021776,AQR
/archive/1468/1468_A10_6_,1468,A10,6,35,Nucleoplasm,HPA040624,ENSG00000021776,AQR
/archive/1479/1479_E4_1_,1479,E4,1,35,"Nucleoplasm,Vesicles",HPA048751,ENSG00000076924,XAB2
/archive/1479/1479_E4_2_,1479,E4,2,35,"Nucleoplasm,Vesicles",HPA048751,ENSG00000076924,XAB2
/archive/1515/1515_C10_1_,1515,C10,1,35,"Nuclear bodies,Nucleoplasm",HPA069119,ENSG00000132773,TOE1
/archive/1515/1515_C10_2_,1515,C10,2,35,"Nuclear bodies,Nucleoplasm",HPA069119,ENSG00000132773,TOE1
/archive/1542/1542_C7_1_,1542,C7,1,35,Nucleoplasm,HPA073758,ENSG00000163605,PPP4R2
/archive/1542/1542_C7_3_,1542,C7,3,35,Nucleoplasm,HPA073758,ENSG00000163605,PPP4R2
/archive/1614/1614_E11_1_,1614,E11,1,35,Nuclear bodies,HPA076219,ENSG00000142669,SH3BGRL3
/archive/1614/1614_E11_2_,1614,E11,2,35,Nuclear bodies,HPA076219,ENSG00000142669,SH3BGRL3
/archive/1617/1617_E5_1_,1617,E5,1,35,Nuclear speckles,HPA019357,ENSG00000084072,PPIE
/archive/1617/1617_E5_2_,1617,E5,2,35,Nuclear speckles,HPA019357,ENSG00000084072,PPIE
/archive/1674/1674_C1_1_,1674,C1,1,35,Vesicles,HPA077525,ENSG00000188428,BLOC1S5
/archive/1674/1674_C1_2_,1674,C1,2,35,Vesicles,HPA077525,ENSG00000188428,BLOC1S5
/archive/1692/1692_C7_13_,1692,C7,13,35,Vesicles,HPA076729,ENSG00000137819,PAQR5
/archive/1692/1692_C7_17_,1692,C7,17,35,Vesicles,HPA076729,ENSG00000137819,PAQR5
/archive/1741/1741_E7_8_,1741,E7,8,35,Centriolar satellite,HPA057573,ENSG00000139537,CCDC65
/archive/1741/1741_E7_18_,1741,E7,18,35,Centriolar satellite,HPA057573,ENSG00000139537,CCDC65
/archive/1772/1772_E8_4_,1772,E8,4,35,Nuclear speckles,HPA059070,ENSG00000110107,PRPF19
/archive/1772/1772_E8_6_,1772,E8,6,35,Nuclear speckles,HPA059070,ENSG00000110107,PRPF19
/archive/1773/1773_E3_3_,1773,E3,3,35,Nuclear speckles,HPA038051,ENSG00000110107,PRPF19
/archive/1773/1773_E3_7_,1773,E3,7,35,Nuclear speckles,HPA038051,ENSG00000110107,PRPF19
/archive/1869/1869_F11_14_,1869,F11,14,35,Nuclear speckles,HPA076104,ENSG00000125870,SNRPB2
/archive/1869/1869_F11_14_,1869,F11,14,35,Nuclear speckles,HPA076104,ENSG00000125870,SNRPB2
/archive/1869/1869_F11_18_,1869,F11,18,35,Nuclear speckles,HPA076104,ENSG00000125870,SNRPB2
/archive/1869/1869_F11_18_,1869,F11,18,35,Nuclear speckles,HPA076104,ENSG00000125870,SNRPB2
/archive/1884/1884_C12_2_,1884,C12,2,35,Nucleoplasm,HPA017370,ENSG00000100603,SNW1
/archive/1884/1884_C12_13_,1884,C12,13,35,Nucleoplasm,HPA017370,ENSG00000100603,SNW1
/archive/1884/1884_G11_50_,1884,G11,50,35,Nucleoplasm,HPA002457,ENSG00000100603,SNW1
/archive/1884/1884_G11_53_,1884,G11,53,35,Nucleoplasm,HPA002457,ENSG00000100603,SNW1
/archive/1888/1888_B2_1_,1888,B2,1,35,"Nucleoli fibrillar center,Nucleoplasm",HPA005792,ENSG00000183036,PCP4
/archive/1888/1888_B2_4_,1888,B2,4,35,"Nucleoli fibrillar center,Nucleoplasm",HPA005792,ENSG00000183036,PCP4
/archive/1890/1890_D5_5_,1890,D5,5,35,"Cytosol,Nucleoplasm",HPA078403,ENSG00000185246,PRPF39
/archive/1890/1890_D5_21_,1890,D5,21,35,"Cytosol,Nucleoplasm",HPA078403,ENSG00000185246,PRPF39
/archive/1893/1893_N3_11_,1893,N3,11,35,"Nuclear speckles,Nucleoplasm",HPA002568,ENSG00000100796,PPP4R3A
/archive/1893/1893_N3_24_,1893,N3,24,35,"Nuclear speckles,Nucleoplasm",HPA002568,ENSG00000100796,PPP4R3A
/archive/1901/1901_D17_1_,1901,D17,1,35,Cytosol,HPA073963,ENSG00000125877,ITPA
/archive/1901/1901_D17_2_,1901,D17,2,35,Cytosol,HPA073963,ENSG00000125877,ITPA
/archive/1913/1913_C16_2_,1913,C16,2,35,Golgi apparatus,HPA010969,ENSG00000169193,CCDC126
/archive/1913/1913_C16_6_,1913,C16,6,35,Golgi apparatus,HPA010969,ENSG00000169193,CCDC126
/archive/2014/2014_D1_3_,2014,D1,3,35,"Nucleoplasm,Vesicles",HPA022824,ENSG00000125877,ITPA
/archive/2014/2014_D1_4_,2014,D1,4,35,"Nucleoplasm,Vesicles",HPA022824,ENSG00000125877,ITPA
